IATA code,Lat Decimal Degrees,Long Decimal Degrees
AAA,-17.353,-145.51
AAE,36.822,7.809
AAH,50.823,6.187
AAL,57.093,9.849
AAO,9.429,-64.471
AAR,56.304,10.619
ABA,53.74,91.385
ABD,30.365,48.233
ABI,32.411,-99.682
ABJ,5.26,-3.926
ABM,-10.951,142.459
ABQ,35.04,-106.609
ABS,22.376,31.612
ABT,20.296,41.634
ABV,9.007,7.263
ABX,-36.068,146.958
ABZ,57.204,-2.2
ACA,16.757,-99.753
ACC,5.603,-0.168
ACE,28.945,-13.605
ACH,47.485,9.561
ACK,41.253,-70.06
ACT,31.611,-97.23
ACY,39.458,-74.577
ADA,36.982,35.28
ADA,37.002,35.426
ADB,38.292,27.157
ADD,8.977,38.8
ADH,34.804,-96.671
ADJ,31.972,35.991
ADK,51.878,-176.646
ADL,-34.945,138.531
ADM,34.303,-97.019
ADQ,57.75,-152.494
ADW,38.811,-76.867
ADX,56.373,-2.868
ADZ,12.583,-81.711
AEH,13.847,20.844
AEP,-34.559,-58.416
AER,43.446,39.947
AES,62.56,6.11
AEX,31.327,-92.548
AEY,65.66,-18.072
AFA,-34.588,-68.403
AFL,-9.866,-56.106
AFY,38.726,30.601
AGA,30.381,-9.546
AGB,48.425,10.932
AGF,44.175,0.591
AGH,56.296,12.847
AGP,36.674,-4.499
AGQ,38.602,21.351
AGR,27.156,77.961
AGS,33.37,-81.964
AGU,21.705,-102.318
AGV,9.553,-69.238
AGX,10.823,72.176
AGZ,-29.282,18.814
AHB,18.24,42.656
AHO,40.632,8.291
AHU,35.177,-3.839
AIG,45.154,-89.111
AIN,70.613,-159.86
AIT,-18.825,-159.774
AJA,41.924,8.803
AJL,23.746,92.803
AJN,-12.132,44.43
AJO,29.785,40.1
AJR,65.59,19.282
AJU,-10.984,-37.07
AJY,16.965,7.997
AKD,20.699,77.056
AKF,24.179,23.314
AKJ,43.671,142.447
AKL,-37.008,174.792
AKN,58.677,-156.649
AKR,7.247,5.301
AKR,41.038,-81.467
AKT,34.59,32.988
AKX,50.245,57.203
AKY,20.133,92.872
ALA,43.352,77.04
ALB,42.748,-73.803
ALC,38.282,-0.558
ALF,69.977,23.366
ALG,36.691,3.215
ALI,27.741,-98.027
ALL,44.051,8.127
ALP,36.181,37.224
ALR,-45.212,169.373
ALY,31.184,29.949
ALJ,-28.575,16.533
AMA,35.219,-101.706
AMB,-13.188,48.988
AMD,23.075,72.632
AMI,-8.561,116.094
AMM,31.722,35.993
AMQ,-3.709,128.09
AMS,52.309,4.764
ANB,33.588,-85.858
ANC,61.174,-149.996
AND,34.495,-82.709
ANF,-23.444,-70.445
ANG,45.729,0.221
ANK,39.95,32.689
ANM,-14.999,50.32
ANN,55.042,-131.572
ANR,51.19,4.463
ANS,-13.706,-73.35
ANU,17.137,-61.792
ANX,69.293,16.144
AOC,50.982,12.506
AOJ,40.734,140.691
AOK,35.421,27.146
AOL,-29.689,-57.152
AOO,40.296,-78.32
AOR,6.194,100.403
APB,-14.739,-68.411
APG,39.466,-76.169
APL,-15.106,39.282
APW,-13.83,-172.008
AQA,-21.812,-48.133
AQI,28.335,46.125
AQJ,29.611,35.018
AQP,-16.341,-71.583
ARA,30.038,-91.884
ARI,-18.348,-70.339
ARK,-3.368,36.633
ARN,59.652,17.919
ART,43.992,-76.022
ARU,-21.141,-50.425
ARW,46.176,21.262
ASB,37.992,58.363
ASD,24.698,-77.796
ASF,46.283,48.006
ASJ,28.431,129.712
ASK,6.903,-5.366
ASP,-23.807,133.902
ASR,38.77,35.495
ASU,-25.24,-57.519
ASW,23.964,32.82
ATA,-9.347,-77.598
ATF,-1.212,-78.574
ATI,-30.401,-56.508
ATL,33.64,-84.427
ATM,-3.254,-52.254
ATQ,31.707,74.799
ATR,20.507,-13.043
AUA,12.501,-70.015
AUC,7.069,-70.737
AUF,47.85,3.497
AUG,44.321,-69.797
AUH,24.433,54.651
AUR,44.891,2.422
AUS,30.194,-97.67
AVB,46.032,12.596
AVI,22.027,-78.789
AVN,43.907,4.902
AVV,-38.039,144.469
AWZ,31.337,48.762
AXA,18.205,-63.055
AXD,40.856,25.956
AXM,4.454,-75.765
AXP,22.442,-73.971
AXR,-15.248,-146.616
AXT,39.616,140.219
AYP,-13.155,-74.204
AYT,36.901,30.792
AZD,31.905,54.276
AZI,24.428,54.458
AZR,27.837,-0.186
BAB,39.136,-121.436
BAD,32.502,-93.663
BAG,16.375,120.619
BAH,26.271,50.634
BAK,40.468,50.047
BAL,37.929,41.116
BAQ,10.889,-74.781
BAU,-22.345,-49.054
BAX,53.364,83.542
BAY,47.658,23.47
BBA,-45.916,-71.689
BBI,20.244,85.818
BBJ,51.193,14.52
BBK,-17.833,25.162
BBO,10.389,44.941
BBS,51.324,-0.848
BBT,4.221,15.786
BBU,44.503,26.102
BBY,5.847,20.649
BCA,20.366,-74.506
BCD,10.643,122.929
BCM,46.522,26.91
BCN,41.297,2.078
BCT,26.378,-80.107
BDE,48.728,-94.612
BDH,26.532,54.822
BDJ,-3.442,114.761
BDL,41.939,-72.683
BDM,40.318,27.977
BDN,24.841,68.838
BDO,-6.901,107.576
BDQ,22.336,73.226
BDR,41.163,-73.126
BDS,40.657,17.947
BDT,4.253,20.975
BDU,69.056,18.54
BEB,57.481,-7.363
BED,42.47,-71.289
BEF,11.989,-83.774
BEG,44.818,20.309
BEL,-1.379,-48.476
BEN,32.097,20.269
BEQ,52.343,0.773
BES,48.448,-4.418
BET,60.78,-161.838
BEV,31.287,34.723
BEW,-19.796,34.907
BEY,33.813,35.489
BFH,-25.405,-49.232
BFI,47.53,-122.302
BFL,35.433,-119.057
BFM,30.626,-88.068
BFN,-29.092,26.302
BFO,-21.008,31.578
BFS,54.657,-6.216
BFX,5.537,10.354
BGA,7.126,-73.185
BGC,41.868,-6.712
BGF,4.398,18.519
BGI,13.074,-59.492
BGN,51.2,6.132
BGO,60.293,5.218
BGR,44.807,-68.828
BGU,4.784,22.781
BGX,-31.39,-54.112
BGY,45.674,9.704
BHD,54.618,-5.873
BHE,-41.518,173.87
BHH,19.984,42.623
BHI,-38.725,-62.169
BHJ,23.288,69.67
BHK,39.775,64.48
BHM,33.563,-86.753
BHO,23.285,77.337
BHU,21.752,72.185
BHX,52.454,-1.748
BIA,42.554,9.483
BIF,31.849,-106.38
BIG,63.994,-145.721
BIK,-1.19,136.108
BIM,25.7,-79.264
BIO,43.301,-2.911
BIQ,43.468,-1.523
BIR,26.483,87.264
BIV,6.528,21.989
BIX,30.411,-88.924
BJA,36.712,5.07
BJF,70.6,29.692
BJL,13.338,-16.652
BJM,-3.324,29.318
BJO,-22.769,-64.315
BJR,11.608,37.321
BJX,20.993,-101.481
BJZ,38.891,-6.821
BKF,39.702,-104.751
BKH,22.022,-159.787
BKI,5.937,116.051
BKK,13.912,100.607
BKO,12.533,-7.95
BKS,-3.864,102.341
BKY,-2.309,28.809
BLA,10.107,-64.689
BLE,60.422,15.515
BLI,48.792,-122.537
BLK,53.772,-3.029
BLL,55.74,9.152
BLQ,44.534,11.29
BLR,12.95,77.668
BLV,38.545,-89.835
BLZ,-15.679,34.974
BMA,59.354,17.941
BMK,53.595,6.709
BMM,2.076,11.493
BMU,-8.539,118.687
BNA,36.124,-86.678
BND,27.218,56.378
BNE,-27.384,153.118
BNI,6.317,5.599
BNN,65.459,12.214
BNS,8.619,-70.221
BOB,-16.444,-151.751
BOC,9.341,-82.251
BOD,44.828,-0.716
BOG,4.701,-74.147
BOH,50.78,-1.843
BOI,43.564,-116.223
BOJ,42.569,27.514
BOM,19.089,72.868
BON,12.131,-68.268
BOO,67.269,14.363
BOP,5.958,15.637
BOS,42.364,-71.005
BOU,47.058,2.37
BOY,11.16,-4.331
BPC,6.039,10.123
BPN,-1.268,116.894
BPT,29.951,-94.021
BPY,-16.742,44.481
BQH,51.331,0.033
BQN,18.495,-67.129
BQS,50.422,127.41
BRC,-41.151,-71.157
BRE,53.047,8.787
BRI,41.138,16.761
BRM,10.043,-69.358
BRN,46.914,7.497
BRO,25.907,-97.426
BRQ,49.151,16.694
BRS,51.383,-2.719
BRU,50.902,4.499
BRV,53.503,8.573
BRW,71.285,-156.766
BRX,18.251,-71.12
BSB,-15.862,-47.913
BSC,6.203,-77.394
BSF,19.76,-155.554
BSG,1.905,9.806
BSK,34.793,5.738
BSR,30.549,47.662
BTH,1.121,104.119
BTI,70.134,-143.577
BTJ,5.523,95.42
BTK,56.371,101.699
BTR,30.533,-91.149
BTS,48.17,17.212
BTT,66.915,-151.528
BTU,3.172,113.044
BTV,44.472,-73.153
BTZ,40.232,29.009
BUD,47.437,19.256
BUF,42.94,-78.732
BUG,-12.609,13.404
BUN,3.819,-76.99
BUQ,-20.017,28.618
BUR,34.201,-118.359
BUX,1.566,30.221
BUZ,28.945,50.834
BVA,49.454,2.113
BVB,2.846,-60.69
BVC,16.137,-22.889
BVE,45.151,1.469
BVH,-12.694,-60.098
BWA,27.506,83.416
BWE,52.319,10.556
BWF,54.13,-3.256
BWI,39.175,-76.668
BWN,4.946,114.928
BWU,-33.924,150.988
BXE,14.847,-12.468
BXO,11.895,-15.654
BYH,35.964,-89.943
BYK,7.739,-5.074
BYM,20.396,-76.621
BYS,35.28,-116.63
BYU,49.984,11.638
BZE,17.539,-88.308
BZI,39.619,27.925
BZK,53.214,34.176
BZO,46.461,11.326
BZR,43.324,3.356
BZV,-4.252,15.253
BZZ,51.75,-1.584
CAB,-5.597,12.188
CAC,-25,-53.501
CAE,33.939,-81.119
CAG,39.251,9.054
CAI,30.122,31.406
CAJ,6.232,-62.854
CAM,-20.007,-63.527
CAN,23.184,113.266
CAP,19.732,-72.195
CAR,46.871,-68.018
CAS,33.553,-7.661
CAV,-11.894,22.916
CAW,-21.698,-41.302
CAX,54.938,-2.809
CAY,4.82,-52.36
CBB,-17.421,-66.177
CBG,52.205,0.175
CBL,8.122,-63.537
CBM,33.644,-88.444
CBN,-6.756,108.539
CBQ,4.976,8.347
CBR,-35.308,149.194
CBV,15.469,-90.407
CCF,43.216,2.306
CCH,-46.582,-71.698
CCJ,11.136,75.955
CCP,-36.773,-73.063
CCS,10.603,-66.991
CCU,22.655,88.447
CCZ,25.417,-77.881
CDB,55.206,-162.724
CDC,37.701,-113.099
CDG,49.013,2.55
CDJ,-8.348,-49.301
CDP,14.51,78.773
CDS,34.434,-100.288
CDU,-34.04,150.687
CDV,60.492,-145.477
CEB,7.165,124.21
CEF,42.198,-72.534
CEG,53.178,-2.978
CEK,55.303,61.507
CEN,27.392,-109.833
CEP,-16.143,-62.026
CEQ,43.542,6.953
CER,49.65,-1.47
CET,47.082,-0.877
CEW,30.779,-86.522
CFD,30.716,-96.331
CFE,45.786,3.169
CFG,22.15,-80.414
CFR,49.173,-0.45
CFS,-30.321,153.116
CFU,39.602,19.912
CGB,-15.653,-56.117
CGH,-23.627,-46.655
CGK,-6.126,106.656
CGN,50.866,7.143
CGO,34.519,113.841
CGP,22.249,91.813
CGR,-20.469,-54.672
CGY,8.414,124.611
CHA,35.035,-85.204
CHC,-43.489,172.532
CHH,-6.202,-77.856
CHM,-9.151,-78.524
CHQ,35.532,24.149
CHR,46.862,1.731
CHS,32.899,-80.04
CHT,-43.81,-176.457
CHX,9.459,-82.517
CIA,41.799,12.595
CIC,39.795,-121.858
CIJ,-11.04,-68.783
CIS,-2.767,0
CIT,42.364,69.479
CIW,12.699,-61.342
CIX,-6.787,-79.828
CJB,11.031,77.044
CJC,-22.499,-68.904
CJS,31.636,-106.429
CJU,33.511,126.493
CKG,29.719,106.641
CLE,41.412,-81.85
CLF,52.755,1.357
CLL,30.588,-96.364
CLN,-7.32,-47.459
CLO,3.543,-76.381
CLQ,19.277,-103.577
CLT,35.214,-80.943
CLY,42.531,8.793
CLJ,46.785,23.686
CMB,7.181,79.884
CME,18.654,-91.799
CMF,45.638,5.88
CMG,-19.012,-57.673
CMH,39.998,-82.892
CMN,33.368,-7.588
CMR,48.11,7.359
CMW,21.42,-77.847
CND,44.362,28.488
CNF,-19.634,-43.969
CNG,45.658,-0.318
CNM,32.337,-104.263
CNQ,-27.445,-58.762
CNS,-16.886,145.755
CNW,31.638,-97.074
COC,-31.297,-57.996
COF,28.235,-80.61
COG,5.072,-76.676
COH,26.33,89.467
COO,6.357,2.384
COR,-31.324,-64.208
COS,38.806,-104.7
COT,28.458,-99.22
COU,38.818,-92.219
CPC,-40.075,-71.137
CPE,19.817,-90.5
CPH,55.618,12.656
CPO,-27.296,-70.414
CPR,42.908,-106.464
CPT,-33.965,18.602
CQF,50.962,1.955
CRA,44.318,23.889
CRD,-45.785,-67.466
CRL,50.459,4.454
CRP,27.77,-97.501
CRQ,-17.652,-39.253
CRV,38.997,17.08
CSB,45.42,22.253
CSF,49.253,2.519
CSK,12.41,-16.746
CSX,28.189,113.219
CTA,37.467,15.066
CTB,48.608,-112.376
CTC,-28.596,-65.752
CTG,10.442,-75.513
CTL,-26.413,146.262
CTM,18.504,-88.327
CTS,42.775,141.692
CTT,43.252,5.785
CTU,30.578,103.947
CUC,7.928,-72.511
CUE,-2.889,-78.984
CUF,44.546,7.622
CUL,24.764,-107.474
CUM,10.45,-64.13
CUN,21.036,-86.877
CUP,10.66,-63.262
CUR,12.189,-68.96
CUU,28.703,-105.964
CUZ,-13.536,-71.939
CVG,39.046,-84.662
CVJ,18.835,-99.262
CVM,23.704,-98.956
CVS,34.383,-103.322
CVT,52.37,-1.48
CWB,-25.528,-49.176
CWL,51.397,-3.343
CXB,21.452,91.964
CXI,1.986,-157.35
CXJ,-29.197,-51.188
CXL,32.669,-115.513
CXO,30.352,-95.414
CXP,-7.645,109.034
CYB,19.687,-79.883
CYI,23.462,120.393
CYO,21.616,-81.546
CYR,-34.456,-57.771
CYS,41.156,-104.812
CZE,11.415,-69.681
CZL,36.277,6.624
CZM,20.522,-86.926
CZS,-7.6,-72.769
CZU,9.332,-75.286
DAC,23.843,90.398
DAD,16.044,108.199
DAL,32.847,-96.852
DAM,33.411,36.516
DAR,-6.878,39.203
DAV,8.391,-82.435
DAY,39.902,-84.219
DBO,23.834,86.425
DBO,-32.217,148.575
DBV,42.561,18.268
DCA,38.852,-77.037
DCF,15.337,-61.392
DCI,39.354,8.972
DCM,43.556,2.289
DEB,47.489,21.615
DED,30.187,78.18
DEL,28.566,77.103
DEN,39.858,-104.667
DES,-5.696,53.654
DET,42.409,-83.01
DEZ,35.285,40.176
DFW,32.896,-97.037
DGO,24.124,-104.528
DGT,9.334,123.302
DHA,26.265,50.152
DHN,31.321,-85.449
DHR,52.923,4.781
DHT,36.023,-102.547
DIE,-12.349,49.292
DIJ,47.269,5.09
DIR,9.625,41.854
DIS,-4.208,12.661
DIY,37.894,40.201
DJB,-1.638,103.644
DJE,33.875,10.775
DJG,24.293,9.452
DJJ,-2.577,140.516
DJO,6.792,-6.473
DKR,14.739,-17.49
DLA,4.006,9.719
DLC,38.966,121.538
DLE,47.039,5.427
DLF,29.359,-100.778
DLG,59.045,-158.503
DLH,46.842,-92.194
DLM,36.713,28.793
DMA,32.166,-110.883
DMM,26.471,49.798
DNA,26.356,127.767
DND,56.453,-3.026
DNK,48.357,35.102
DNR,48.588,-2.08
DNZ,37.785,29.701
DOD,-6.17,35.752
DOG,19.154,30.43
DOH,25.261,51.565
DOK,48.073,37.74
DOL,49.365,0.154
DOM,15.547,-61.3
DOV,39.13,-75.466
DPA,41.908,-88.249
DPS,-8.748,115.167
DRI,30.832,-93.34
DRO,37.151,-107.754
DRS,51.133,13.767
DRT,29.373,-100.926
DSM,41.534,-93.663
DTM,51.518,7.612
DTW,42.212,-83.353
DUB,53.421,-6.27
DUD,-45.928,170.198
DUG,31.469,-109.604
DUH,-33.607,22.189
DUM,1.609,101.433
DUR,-29.97,30.95
DUS,51.289,6.767
DUT,53.9,-166.543
DXB,25.255,55.364
DYS,32.421,-99.854
DYU,38.543,68.825
DZA,-12.805,45.281
DZH,47.708,67.733
EAM,17.611,44.419
EAS,43.356,-1.791
EBA,42.76,10.239
EBB,0.042,32.443
EBD,13.153,30.232
EBJ,55.526,8.553
EBM,31.704,9.254
EBU,45.54,4.296
ECG,36.261,-76.174
EDF,61.251,-149.806
EDI,55.95,-3.373
EDL,0.404,35.238
EDM,46.702,-1.379
EDW,34.905,-117.884
EFD,29.607,-95.159
EFL,38.12,20.501
EGC,44.825,0.519
EGP,28.7,-100.479
EGS,65.283,-14.401
EHL,-41.943,-71.532
EHM,58.647,-162.061
EIL,64.666,-147.101
EIN,51.45,5.374
EIS,18.445,-64.543
EJA,7.024,-73.807
EJH,26.198,36.476
EKN,38.889,-79.857
ELD,33.221,-92.813
ELF,13.615,25.325
ELG,30.571,2.859
ELH,25.476,-76.681
ELL,-23.726,27.688
ELP,31.807,-106.378
ELQ,26.303,43.774
ELS,-33.036,27.826
ELT,28.209,33.645
EMA,52.831,-1.328
EME,53.391,7.227
EMN,16.622,-7.314
EMX,-42.031,-71.17
ENA,60.573,-151.245
ENC,48.692,6.23
END,36.34,-97.916
ENE,-8.849,121.662
ENF,68.362,23.424
ENK,54.399,-7.652
ENS,52.27,6.874
ENU,6.474,7.562
ENV,40.719,-114.031
EOH,6.22,-75.591
EPL,48.325,6.07
EQS,-42.908,-71.139
ERC,39.71,39.526
ERF,50.98,10.958
ERH,31.949,-4.401
ERZ,39.956,41.17
ESB,40.128,32.995
ESE,31.795,-116.602
ESF,31.395,-92.296
ESH,50.836,-0.297
ESK,39.784,30.582
ESS,51.401,6.936
ETH,29.561,34.96
ETZ,48.982,6.254
EUX,17.496,-62.979
EVE,68.491,16.678
EVG,62.048,14.423
EVN,40.148,44.397
EWN,35.073,-77.043
EWR,40.692,-74.169
EXT,50.734,-3.414
EYW,24.556,-81.759
EZS,38.607,39.291
FAA,10.036,-10.77
FAB,51.276,-0.776
FAE,62.064,-7.277
FAF,37.133,-76.609
FAI,64.815,-147.856
FAJ,18.309,-65.662
FAN,58.1,6.625
FAO,37.014,-7.966
FAT,36.776,-119.718
FAV,-16.054,-145.657
FBK,64.837,-147.614
FBM,-11.591,27.531
FBU,59.896,10.617
FCO,41.813,12.253
FCS,38.678,-104.756
FDF,14.591,-61.003
FDH,47.671,9.511
FDU,-3.311,17.382
FEL,48.206,11.267
FEN,-3.855,-32.423
FEZ,33.927,-4.978
FFD,51.682,-1.79
FFO,39.826,-84.048
FHU,31.588,-110.344
FIG,10.351,-13.569
FIH,-4.386,15.444
FJR,25.112,56.324
FKI,0.518,25.155
FLA,1.59,-75.564
FLL,26.072,-80.153
FLN,-27.672,-48.548
FLO,34.185,-79.724
FLR,43.81,11.205
FLV,39.368,-94.914
FLW,39.455,-31.131
FMA,-26.212,-58.228
FMH,41.658,-70.521
FMI,-5.876,29.25
FMN,36.741,-108.23
FMO,52.134,7.685
FMY,26.586,-81.863
FNA,8.616,-13.195
FNI,43.757,4.416
FNJ,39.033,125.783
FOC,25.933,119.662
FOD,42.551,-94.193
FOE,38.951,-95.664
FOG,41.433,15.535
FOK,40.844,-72.632
FOM,5.637,10.751
FOR,-3.776,-38.532
FPO,26.559,-78.695
FRA,50.026,8.543
FRC,-20.592,-47.383
FRI,39.055,-96.764
FRL,44.195,12.07
FRO,61.584,5.025
FRU,43.062,74.478
FRW,-21.159,27.474
FSC,41.501,9.098
FSI,34.65,-98.402
FSM,35.336,-94.367
FSP,46.763,-56.175
FTK,37.907,-85.972
FTU,-25.038,46.956
FTW,32.82,-97.362
FTX,-0.531,15.95
FUE,28.453,-13.864
FUJ,32.666,128.833
FUK,33.586,130.45
FUN,-8.517,179.217
FXE,26.197,-80.171
FXO,-14.82,36.532
FYT,17.917,19.111
FYU,66.571,-145.25
FYV,36.005,-94.17
FZO,51.519,-2.591
GAE,33.877,10.103
GAF,34.422,8.822
GAG,36.295,-99.776
GAJ,38.412,140.371
GAL,64.736,-156.937
GAO,20.085,-75.158
GAQ,16.248,-0.005
GAS,-0.463,39.648
GAY,24.748,84.943
GBE,-24.555,25.918
GCI,49.435,-2.602
GCJ,-25.986,28.14
GCK,37.927,-100.724
GCM,19.293,-81.357
GDL,20.522,-103.311
GDN,54.377,18.466
GDQ,12.518,37.432
GDX,59.91,150.717
GEA,-22.258,166.473
GEG,47.62,-117.534
GEL,-28.282,-54.169
GER,21.835,-82.784
GEV,67.132,20.814
GFK,47.949,-97.176
GGG,32.385,-94.711
GGT,23.563,-75.878
GHA,32.384,3.794
GHB,25.284,-76.331
GHC,-26.506,28.394
GHF,49.648,9.966
GHT,25.146,10.143
GHU,-33.006,-58.613
GIB,36.151,-5.349
GIG,-22.809,-43.244
GIL,35.919,74.334
GIS,-38.663,177.978
GIZ,16.901,42.586
GJA,16.445,-85.906
GJL,36.795,5.873
GKA,-6.082,145.392
GKE,50.961,6.042
GKN,62.155,-145.456
GLA,55.872,-4.433
GLF,8.654,-83.182
GLO,51.894,-2.167
GLS,29.265,-94.86
GMA,3.235,19.771
GMB,8.128,34.563
GME,52.527,31.017
GMP,37.558,126.791
GMR,-23.08,-134.89
GNB,45.363,5.329
GND,12.004,-61.786
GNI,22.674,121.458
GNS,1.166,97.703
GNT,35.165,-107.901
GNV,29.69,-82.272
GOA,44.412,8.842
GOH,64.191,-51.678
GOI,15.381,73.833
GOM,-1.671,29.238
GOT,57.663,12.28
GOU,9.336,13.37
GOY,7.337,81.626
GOZ,43.151,25.713
GPA,38.151,21.426
GPI,2.57,-77.898
GPS,-0.454,-90.266
GRB,44.485,-88.129
GRF,47.079,-122.581
GRJ,-34.005,22.379
GRK,31.067,-97.829
GRO,41.901,2.76
GRQ,53.119,6.579
GRR,42.881,-85.523
GRS,42.761,11.072
GRU,-23.432,-46.469
GRW,39.092,-28.03
GRX,37.133,-3.636
GRX,37.189,-3.777
GRZ,47,15.433
GSB,35.339,-77.961
GSE,57.775,11.87
GSF,36.178,5.324
GTB,44.056,-75.719
GTF,47.482,-111.371
GTN,-43.765,170.133
GTO,0.637,122.852
GUA,14.583,-90.528
GUI,10.574,-62.313
GUM,13.484,144.797
GUQ,9.027,-69.755
GUS,40.648,-86.152
GUT,51.923,8.306
GVA,46.238,6.109
GVT,33.068,-96.065
GVW,38.843,-94.561
GVX,60.593,16.951
GWD,25.233,62.329
GWE,-19.437,29.862
GWL,26.294,78.228
GWO,33.494,-90.084
GWT,54.913,8.34
GWW,35.461,-77.965
GWY,53.301,-8.939
GXG,-7.754,15.287
GXQ,-45.594,-72.106
GYA,-10.822,-65.346
GYE,-2.158,-79.884
GYI,-1.677,29.259
GYM,27.969,-110.925
GYN,-16.631,-49.222
GZT,36.948,37.479
HAA,70.487,22.14
HAC,33.115,139.786
HAD,56.691,12.82
HAH,-11.534,43.272
HAJ,52.461,9.685
HAM,53.63,9.988
HAN,21.222,105.806
HAS,27.438,41.686
HAU,59.345,5.208
HAV,22.989,-82.409
HBA,-42.836,147.51
HBR,34.991,-99.051
HBT,27.901,45.528
HCS,-26.242,28.151
HDD,25.318,68.366
HDH,21.579,-158.21
HDS,-24.369,31.049
HDY,6.933,100.393
HEA,34.21,62.228
HEH,20.743,96.792
HEL,60.32,24.956
HEM,60.254,25.043
HER,35.339,25.18
HEW,37.888,23.732
HEX,18.471,-69.969
HFA,32.811,35.044
HFD,41.736,-72.65
HFE,31.78,117.298
HFN,64.296,-15.227
HGA,9.518,44.089
HGH,30.228,120.432
HGO,9.387,-5.556
HGS,8.394,-13.128
HGU,-5.826,144.296
HHN,49.95,7.264
HHQ,12.634,99.951
HHR,33.923,-118.335
HIB,47.386,-92.839
HIF,41.124,-111.973
HIJ,34.435,132.922
HJR,24.819,79.919
HKD,41.77,140.822
HKG,22.309,113.914
HKK,-42.714,170.985
HKT,8.113,98.317
HKY,35.741,-81.389
HLA,-25.938,27.926
HLD,49.205,119.825
HLF,57.526,15.824
HLN,46.607,-111.983
HLP,-6.266,106.891
HLR,31.139,-97.714
HLZ,-37.866,175.332
HME,31.673,6.14
HMN,32.852,-106.106
HMO,29.096,-111.048
HMR,60.818,11.067
HNA,39.431,141.136
HND,35.552,139.779
HNL,21.316,-157.927
HNM,20.796,-156.014
HOB,32.688,-103.217
HOG,20.786,-76.315
HOI,-18.075,-140.946
HOM,59.646,-151.476
HON,44.385,-98.228
HOP,36.668,-87.496
HOQ,50.289,11.855
HOR,38.52,-28.716
HOU,29.645,-95.279
HOW,8.914,-79.599
HPA,-19.777,-174.341
HPN,41.067,-73.707
HRB,45.623,126.25
HRE,-17.932,31.093
HRG,27.184,33.798
HRL,26.228,-97.654
HRM,32.93,3.312
HRO,36.261,-93.155
HRT,30.428,-86.689
HST,25.488,-80.384
HTA,52.026,113.305
HTF,51.767,0.25
HTL,44.36,-84.671
HTN,37.038,79.866
HUA,34.679,-86.685
HUE,-19.08,-169.926
HUF,39.451,-87.307
HUH,-16.687,-151.022
HUL,46.123,-67.792
HUN,24.023,121.618
HUV,61.768,17.081
HUX,15.775,-96.261
HUY,53.574,-0.351
HVA,-14.629,47.764
HVR,48.543,-109.762
HWO,26.001,-80.24
HYD,17.452,78.461
HZK,65.952,-17.426
IAB,37.623,-97.267
IAD,38.944,-77.456
IAG,43.107,-78.946
IAH,29.98,-95.34
IAM,28.051,9.643
IAS,47.179,27.62
IBA,7.362,3.978
IBE,4.421,-75.133
IBZ,38.873,1.373
ICT,37.65,-97.433
IDR,22.722,75.801
IEG,52.139,15.799
IEO,16.711,-9.638
IEV,50.402,30.452
IFJ,66.058,-23.135
IGA,20.975,-73.667
IGL,38.513,27.01
IGR,-25.738,-54.473
IGU,-25.596,-54.487
IKI,33.749,129.785
IKK,41.071,-87.846
IKT,52.267,104.395
ILG,39.679,-75.606
ILI,59.754,-154.911
ILM,34.271,-77.903
ILO,10.713,122.545
ILR,8.44,4.494
ILY,55.682,-6.257
IMF,24.76,93.897
IMP,-5.531,-47.46
IND,39.717,-86.294
ING,-50.335,-72.248
INH,-23.876,35.408
INK,31.779,-103.201
INL,48.566,-93.403
INN,47.26,11.344
INS,36.587,-115.673
INT,36.134,-80.222
INV,57.54,-4.05
INZ,27.251,2.512
IOA,39.696,20.822
IOM,54.083,-4.624
ION,1.589,18.047
IOS,-14.816,-39.033
IPC,-27.165,-109.422
IPH,4.568,101.092
IPI,0.862,-77.672
IPL,32.834,-115.579
IPN,-19.471,-42.488
IPT,41.242,-76.921
IQQ,-20.535,-70.181
IQT,-3.785,-73.309
IRD,24.152,89.049
IRI,-7.669,35.752
IRJ,-29.381,-66.796
IRO,10.236,22.717
IRP,2.827,27.588
ISA,-20.664,139.489
ISB,33.616,73.099
ISG,24.344,124.187
ISJ,21.245,-86.74
ISK,19.962,73.807
ISN,48.178,-103.642
ISP,40.795,-73.1
IST,40.977,28.821
ITM,34.785,135.438
ITO,19.72,-155.049
IVC,-46.412,168.313
IVL,68.607,27.405
IWO,24.784,141.322
IXA,23.889,91.241
IXB,26.681,88.328
IXC,30.673,76.788
IXD,25.439,81.734
IXE,12.96,74.893
IXG,15.859,74.618
IXH,24.308,92.007
IXI,27.291,94.097
IXJ,32.69,74.838
IXK,21.317,70.27
IXL,34.136,77.546
IXM,9.834,78.093
IXP,32.234,75.634
IXR,23.315,85.321
IXS,24.913,92.979
IXT,28.066,95.336
IXU,19.863,75.398
IXW,22.812,86.168
IXY,23.113,70.1
IXZ,11.646,92.733
IZO,35.414,132.89
JAA,34.399,70.499
JAD,-32.097,115.881
JAF,9.792,80.07
JAI,26.824,75.81
JAN,32.311,-90.076
JAV,69.233,-51.067
JAX,30.494,-81.688
JBR,35.832,-90.646
JDF,-21.791,-43.387
JED,21.679,39.156
JER,49.208,-2.195
JFK,40.64,-73.779
JGA,22.466,70.011
JHB,1.641,103.669
JHM,20.963,-156.674
JIM,7.666,36.816
JJI,-7.169,-76.728
JKG,57.758,14.069
JKH,38.343,26.141
JLD,55.945,12.861
JLR,23.178,80.052
JMK,37.435,25.348
JNB,-26.139,28.246
JNU,58.355,-134.576
JOE,62.659,29.624
JOG,-7.788,110.432
JOH,26.251,73.048
JOI,-26.225,-48.797
JON,16.729,-169.534
JOS,9.64,8.869
JPA,-7.27,-35.896
JRH,26.731,94.176
JRO,-3.429,37.074
JRS,31.867,35.217
JSA,26.889,70.864
JSH,35.214,26.098
JSI,39.177,23.504
JSM,-44.048,-70.459
JSR,23.184,89.161
JTR,36.4,25.479
JUB,4.872,31.601
JUJ,-24.393,-65.098
JUL,-15.467,-70.158
JWA,-24.602,24.691
JYV,62.399,25.678
KAB,-16.52,28.885
KAD,10.696,7.32
KAG,37.753,128.944
KAJ,64.285,27.692
KAN,12.047,8.524
KAO,65.987,29.239
KAR,5.865,-60.614
KAT,-35.07,173.285
KAU,63.127,23.051
KBL,34.566,69.212
KBP,50.345,30.895
KBR,6.166,102.294
KBY,53.505,50.164
KCH,1.485,110.346
KCZ,33.544,133.671
KDA,12.88,-14.955
KDH,31.506,65.848
KDI,-4.082,122.417
KED,16.159,-13.508
KEF,63.985,-22.606
KEJ,55.27,86.107
KEL,54.379,10.145
KEM,65.782,24.599
KER,30.261,56.957
KET,21.301,99.637
KEV,61.856,24.786
KFA,16.59,-11.406
KGA,-5.9,22.469
KGD,54.89,20.592
KGG,12.572,-12.22
KGI,-30.789,121.462
KGJ,-9.953,33.893
KGL,-1.969,30.139
KGS,36.793,27.092
KHG,39.543,76.022
KHH,22.575,120.351
KHI,24.906,67.161
KHN,28.6,115.917
KHS,26.171,56.241
KHV,48.528,135.188
KID,55.922,14.085
KIH,26.527,53.982
KIM,-28.803,24.765
KIN,17.936,-76.787
KIR,52.181,-9.524
KIS,-0.086,34.729
KIT,36.274,23.017
KIV,46.928,28.931
KIW,-12.9,28.15
KKE,-35.263,173.912
KKJ,33.836,130.947
KKN,69.725,29.887
KKR,-15.663,-146.885
KKW,-5.036,18.786
KLC,14.147,-16.051
KLD,56.825,35.758
KLH,16.664,74.288
KLO,11.681,122.378
KLR,56.685,16.288
KLU,46.65,14.333
KLV,50.203,12.915
KLX,37.068,22.026
KLZ,-29.688,17.094
KME,-2.462,28.908
KMG,24.992,102.743
KMI,31.877,131.448
KMJ,32.837,130.855
KMK,-3.483,12.617
KMN,-8.642,25.253
KMQ,36.394,136.408
KMU,-0.377,42.459
KND,-2.919,25.915
KNF,52.648,0.55
KNG,-3.644,133.695
KNH,24.432,118.359
KNQ,-21.053,164.838
KNU,26.441,80.363
KNX,-15.778,128.707
KOA,19.739,-156.046
KOC,-20.546,164.256
KOE,-10.171,123.671
KOI,58.958,-2.905
KOJ,31.803,130.719
KOK,63.721,23.143
KOP,17.412,104.777
KPO,35.988,129.42
KRF,63.048,17.769
KRK,50.078,19.785
KRN,67.822,20.337
KRO,55.475,65.415
KRP,56.297,9.124
KRR,45.035,39.172
KRS,58.204,8.085
KRT,15.589,32.553
KRW,40.033,52.983
KSA,5.357,162.958
KSC,48.663,21.241
KSF,51.408,9.378
KSH,34.346,47.156
KSJ,35.421,26.91
KSK,59.346,14.496
KSL,15.386,36.328
KSO,40.449,21.276
KSU,63.112,7.824
KTA,-20.712,116.773
KTD,25.948,131.321
KTE,4.537,103.426
KTG,-1.816,109.963
KTL,0.972,34.958
KTM,27.696,85.359
KTN,55.356,-131.714
KTP,17.988,-76.824
KTQ,53.206,63.551
KTT,67.701,24.847
KTU,25.161,75.845
KTW,50.474,19.08
KUA,3.775,103.209
KUB,35.904,126.616
KUL,2.746,101.71
KUM,30.386,130.659
KUO,63.007,27.798
KUS,65.583,-37.15
KUU,31.882,77.184
KVA,40.913,24.619
KVB,58.456,13.973
KWA,8.72,167.731
KWI,29.227,47.98
KWJ,35.126,126.81
KWL,25.218,110.039
KWZ,-10.766,25.506
KYA,37.979,32.562
KYD,22.029,121.527
KYP,19.427,93.534
KYS,14.431,-11.439
KZI,40.286,21.841
KZN,55.608,49.277
LAD,-8.858,13.231
LAE,-6.57,146.726
LAI,48.754,-3.471
LAN,42.779,-84.587
LAP,24.072,-110.362
LAS,36.08,-115.152
LAU,-2.252,40.913
LAX,33.942,-118.408
LAY,-28.582,29.75
LAZ,-13.262,-43.408
LBA,53.866,-1.661
LBB,33.664,-101.823
LBC,53.805,10.719
LBG,48.969,2.441
LBI,43.914,2.113
LBJ,-8.486,119.889
LBQ,-0.704,10.246
LBU,5.301,115.25
LBV,0.458,9.412
LCA,34.875,33.625
LCC,40.239,18.133
LCD,-23.16,29.696
LCE,15.742,-86.853
LCG,43.302,-8.377
LCH,30.126,-93.223
LCK,39.814,-82.928
LCL,22.336,-83.642
LCY,51.505,0.054
LDB,-23.334,-51.13
LDE,43.179,-0.006
LDK,58.465,13.174
LDU,5.032,118.324
LDY,55.043,-7.161
LEA,25.284,49.486
LEA,-22.236,114.089
LED,59.8,30.265
LEH,49.534,0.088
LEI,36.844,-2.37
LEJ,51.424,12.236
LEK,11.326,-12.287
LEM,53.143,8.623
LET,-4.193,-69.943
LEU,42.339,1.409
LFI,37.083,-76.36
LFK,31.234,-94.75
LFR,8.239,-72.271
LFT,30.205,-91.987
LFW,6.166,1.254
LGA,40.777,-73.872
LGB,33.818,-118.151
LGG,50.637,5.443
LGI,23.179,-75.093
LGK,6.33,99.729
LGP,7.828,123.46
LGQ,0.092,-76.869
LGS,-35.484,-69.582
LGW,51.148,-0.19
LHE,31.521,74.403
LHR,51.477,-0.461
LHW,31.889,-81.562
LID,52.17,4.426
LIF,-20.775,167.24
LIG,45.863,1.179
LIH,21.976,-159.339
LIL,50.562,3.089
LIM,-12.022,-77.114
LIN,45.445,9.277
LIO,9.958,-83.022
LIP,-21.664,-49.73
LIQ,2.171,21.497
LIR,10.593,-85.544
LIS,38.781,-9.136
LIT,34.729,-92.224
LKL,70.069,24.973
LKO,26.761,80.886
LLA,65.544,22.122
LLI,11.975,38.98
LME,47.949,0.202
LMG,-16.467,179.34
LMM,25.685,-109.081
LMO,57.705,-3.339
LMP,35.498,12.618
LNA,26.593,-80.085
LNK,40.851,-96.759
LNY,20.786,-156.951
LNZ,48.233,14.183
LOE,17.439,101.722
LOK,3.122,35.609
LOO,33.764,2.927
LOS,6.577,3.321
LOU,38.228,-85.664
LOV,26.956,-101.47
LOY,2.763,36.718
LPA,27.932,-15.386
LPB,-16.513,-68.192
LPG,-34.972,-57.894
LPI,58.406,15.68
LPL,53.334,-2.85
LPP,61.044,28.144
LPQ,19.897,102.161
LPT,18.272,99.504
LPY,45.079,3.765
LRA,39.65,22.465
LRC,51.602,6.143
LRD,27.544,-99.461
LRF,34.918,-92.146
LRH,43.449,1.263
LRL,9.767,1.091
LRM,18.452,-68.912
LRS,37.185,26.8
LRT,47.761,-3.44
LSC,-29.916,-71.191
LSF,32.337,-84.991
LSH,22.977,97.752
LSI,59.879,-1.296
LSP,11.781,-70.152
LSQ,-37.402,-72.426
LST,-41.545,147.214
LSV,36.236,-115.034
LTA,-23.824,30.329
LTD,30.152,9.715
LTK,35.401,35.949
LTL,-0.826,12.747
LTM,3.373,-59.789
LTN,51.874,-0.368
LTO,25.989,-111.348
LTQ,50.515,1.627
LTS,34.667,-99.267
LUF,33.535,-112.383
LUG,46.004,8.911
LUH,30.854,75.951
LUK,39.103,-84.419
LUN,-15.331,28.453
LUO,-11.768,19.898
LUQ,-33.273,-66.356
LUR,68.875,-166.11
LUW,-1.039,122.772
LUX,49.626,6.211
LVA,48.031,-0.743
LVI,-17.822,25.822
LWO,49.813,23.956
LWR,53.229,5.761
LXR,25.671,32.706
LXS,39.917,25.236
LYC,64.548,18.716
LYE,51.505,-1.993
LYN,45.728,4.945
LYP,31.365,72.995
LYR,78.246,15.466
LYS,45.726,5.091
LYX,50.956,0.939
LZC,18.002,-102.22
LJU,46.224,14.457
MAA,12.994,80.18
MAB,-5.368,-49.138
MAD,40.472,-3.561
MAF,31.942,-102.202
MAG,-5.207,145.789
MAH,39.863,4.219
MAJ,7.065,171.272
MAK,9.559,31.652
MAM,25.77,-97.525
MAN,53.354,-2.275
MAO,-3.039,-60.05
MAR,10.558,-71.728
MAT,-5.799,13.441
MAU,-16.426,-152.244
MAZ,18.256,-67.148
MBA,-4.035,39.594
MBE,44.304,143.404
MBJ,18.504,-77.913
MBO,-25.798,25.548
MBW,-37.976,145.102
MBX,46.48,15.686
MCA,8.481,-9.526
MCC,38.667,-121.401
MCF,27.849,-82.521
MCG,62.953,-155.606
MCH,-3.269,-79.962
MCI,39.297,-94.714
MCN,32.693,-83.649
MCO,28.429,-81.316
MCP,0.051,-51.072
MCT,23.593,58.284
MCU,46.224,2.363
MCU,46.352,2.57
MCX,42.817,47.652
MCY,-26.603,153.091
MCZ,-9.51,-35.793
MDC,1.549,124.926
MDE,6.164,-75.423
MDI,7.704,8.614
MDK,0.022,18.289
MDL,21.702,95.978
MDQ,-37.934,-57.573
MDT,40.193,-76.763
MDW,41.786,-87.752
MDY,28.201,-177.381
MDZ,-32.832,-68.793
MEB,-37.728,144.902
MEC,-0.946,-80.678
MED,24.553,39.705
MEE,-21.482,168.037
MEG,-9.525,16.312
MEK,33.879,-5.515
MEL,-37.673,144.843
MEM,35.042,-89.977
MEN,44.502,3.533
MER,37.38,-120.568
MES,3.558,98.672
MEX,19.436,-99.072
MEZ,-22.356,29.986
MFE,26.176,-98.239
MFF,-1.537,13.269
MFG,13.502,7.127
MFG,34.338,73.508
MFK,-25.753,25.612
MFM,22.149,113.591
MFU,-13.259,31.936
MGA,12.141,-86.168
MGD,-13.254,-64.063
MGE,33.915,-84.516
MGF,-23.44,-51.907
MGH,-30.857,30.343
MGL,51.23,6.504
MGN,9.283,-74.839
MGQ,2.014,45.305
MGZ,12.443,98.621
MHG,49.473,8.514
MHH,26.511,-77.083
MHP,53.864,27.539
MHQ,60.122,19.898
MHR,38.554,-121.297
MHZ,52.361,0.488
MIA,25.793,-80.291
MIB,48.416,-101.357
MID,20.937,-89.657
MIK,61.686,27.202
MIR,35.758,10.755
MIU,11.855,13.081
MIV,39.368,-75.072
MJC,7.272,-7.587
MJD,27.335,68.143
MJF,65.784,13.215
MJM,-6.121,23.569
MJN,-15.667,46.352
MJT,39.057,26.598
MJV,37.775,-0.812
MKE,42.947,-87.896
MKJ,-0.021,15.575
MKK,21.153,-157.096
MKL,35.6,-88.916
MKO,35.657,-95.361
MKP,-16.585,-143.657
MKQ,-8.52,140.418
MKU,0.579,12.891
MKW,-0.88,134.05
MKY,-21.172,149.18
MKZ,2.263,102.251
MLA,35.857,14.478
MLB,28.103,-80.645
MLC,34.882,-95.783
MLE,4.192,73.529
MLG,-7.926,112.714
MLH,47.589,7.53
MLM,19.85,-101.025
MLN,35.28,-2.956
MLT,45.648,-68.686
MLU,32.511,-92.037
MLW,6.289,-10.759
MLX,38.436,38.092
MLZ,-32.338,-54.217
MMB,43.881,144.164
MMC,22.74,-99.018
MMD,25.846,131.263
MME,54.509,-1.429
MMJ,36.167,137.923
MMK,68.782,32.751
MMO,15.156,-23.214
MMV,45.194,-123.136
MMX,55.53,13.371
MMY,34.072,139.56
MMY,24.783,125.295
MMZ,35.934,64.759
MNB,-5.931,12.352
MNC,-14.488,40.712
MNI,33.587,-80.209
MNL,14.509,121.019
MNL,7.617,124.059
MNM,45.126,-87.638
MNJ,-21.202,48.358
MOA,20.654,-74.922
MOB,30.691,-88.243
MOC,-16.707,-43.819
MOD,37.626,-120.954
MOF,-8.641,122.237
MOG,20.517,99.257
MOH,27.483,95.017
MOL,62.746,7.272
MON,-43.907,170.128
MOQ,-20.285,44.318
MOT,48.259,-101.28
MOZ,-17.49,-149.762
MPL,43.576,3.963
MPM,-25.921,32.573
MPN,-51.823,-58.447
MPV,44.203,-72.562
MQF,53.393,58.76
MQQ,8.62,16.068
MQS,12.887,-61.18
MQT,46.534,-87.562
MQX,13.467,39.533
MRD,8.582,-71.161
MRI,61.214,-149.846
MRO,-40.973,175.634
MRS,43.436,5.214
MRU,-20.43,57.683
MRV,44.225,43.082
MRX,30.556,49.152
MSE,51.342,1.346
MSH,20.675,58.89
MSJ,40.703,141.368
MSN,43.14,-89.337
MSP,44.88,-93.217
MSQ,53.882,28.031
MSS,44.936,-74.845
MST,50.911,5.77
MSU,-29.462,27.553
MSY,29.993,-90.258
MTC,42.613,-82.832
MTR,8.824,-75.826
MTS,-26.529,31.308
MTT,18.103,-94.581
MTY,25.778,-100.107
MTZ,31.328,35.388
MUB,-19.972,23.431
MUC,48.354,11.786
MUE,20.001,-155.668
MUH,31.325,27.222
MUI,40.435,-76.569
MUN,9.749,-63.152
MUO,43.043,-115.872
MUR,4.178,114.331
MUW,35.208,0.147
MUX,30.203,71.419
MVB,-1.656,13.438
MVD,-34.789,-56.264
MVD,-34.838,-56.03
MVP,1.254,-70.234
MVR,10.451,14.257
MVT,-14.868,-148.717
MVZ,-20.055,30.859
MWH,47.208,-119.32
MWL,32.781,-98.06
MWZ,-2.444,32.932
MXF,32.379,-86.362
MXJ,9.652,6.462
MXL,32.631,-115.241
MXM,-21.754,43.375
MXN,48.603,-3.816
MXP,45.631,8.728
MXX,60.958,14.511
MYD,-3.229,40.102
MYG,22.379,-73.013
MYJ,33.827,132.7
MYR,33.68,-78.928
MYT,25.383,97.353
MYW,-10.339,40.182
MYY,4.325,113.988
MZB,-11.362,40.355
MZC,0.776,11.553
MZG,23.569,119.628
MZH,40.829,35.522
MZI,14.513,-4.079
MZL,5.03,-75.465
MZM,49.072,6.132
MZO,20.288,-77.089
MZR,36.707,67.209
MZT,23.161,-106.266
MZW,26.224,120.002
NAG,21.092,79.047
NAK,14.934,102.079
NAN,-17.754,177.443
NAP,40.886,14.291
NAS,25.039,-77.466
NAT,-5.911,-35.248
NAU,-14.177,-141.267
NAW,6.52,101.743
NBC,32.477,-80.723
NBG,29.825,-90.035
NBX,-3.368,135.496
NCA,34.708,-77.439
NCA,21.917,-71.939
NCE,43.661,7.218
NCL,55.038,-1.692
NCS,-27.771,29.977
NCU,42.486,59.623
NCY,45.929,6.099
NDB,20.928,-17.031
NDE,3.934,41.844
NDJ,12.134,15.034
NDL,8.427,20.635
NEL,40.033,-74.353
NFL,39.416,-118.701
NGB,29.825,121.465
NGE,7.357,13.559
NGF,21.449,-157.768
NGO,35.255,136.924
NGS,32.922,129.923
NGU,36.938,-76.289
NGV,-17.045,15.687
NHA,12.218,109.2
NHK,38.286,-76.412
NHT,51.553,-0.418
NHV,-8.796,-140.229
NID,35.688,-117.691
NIM,13.481,2.184
NIP,30.236,-81.681
NIT,46.311,-0.401
NIX,15.239,-9.576
NKC,18.098,-15.948
NKG,31.74,118.86
NKT,34.902,-76.881
NKX,32.868,-117.143
NLA,-12.998,28.665
NLC,36.333,-119.952
NLD,27.444,-99.57
NLK,-29.041,167.939
NLO,-4.325,15.328
NLP,-25.501,30.913
NMB,20.435,72.844
NMM,32.552,-88.556
NNA,34.299,-6.596
NNG,22.608,108.172
NOB,9.976,-85.653
NOC,53.91,-8.818
NOG,31.226,-110.976
NOP,10.308,123.979
NOS,-13.312,48.314
NOU,-22.014,166.213
NOV,-12.809,15.76
NOW,48.141,-123.414
NPA,30.353,-87.319
NPL,-39.009,174.179
NQA,35.357,-89.87
NQI,27.507,-97.81
NQN,-38.949,-68.156
NQX,24.576,-81.689
NQY,50.441,-4.995
NRD,53.707,7.23
NRK,58.586,16.251
NRR,18.245,-65.643
NRT,35.765,140.386
NSE,30.724,-87.022
NSN,-41.298,173.221
NST,8.471,99.956
NSY,37.401,14.922
NTD,34.12,-119.121
NTE,47.153,-1.611
NTK,33.706,-117.827
NTR,25.866,-100.237
NTU,36.821,-76.033
NTY,-25.334,27.173
NUE,49.499,11.078
NUQ,37.415,-122.048
NUW,48.352,-122.656
NVA,2.95,-75.294
NVS,47.001,3.114
NVT,-26.88,-48.651
NWA,-12.298,43.766
NWI,52.676,1.283
NXP,34.296,-116.162
NXX,40.2,-75.148
NYE,-0.369,36.98
NYG,38.502,-77.305
NYI,7.362,-2.329
NYK,-0.061,37.039
NYO,58.789,16.912
NZC,30.219,-81.876
NZE,7.806,-8.702
NZY,32.699,-117.215
NJC,60.95,76.467
NJK,32.829,-115.672
OAK,37.721,-122.221
OAM,-44.97,171.082
OAX,17,-96.726
OBF,48.081,11.283
OBO,42.733,143.217
OBS,44.544,4.372
OCC,-0.463,-76.986
OCJ,18.404,-76.969
OCV,8.315,-73.358
ODB,37.842,-4.849
ODE,55.476,10.329
ODH,51.234,-0.943
ODS,46.427,30.678
OER,63.408,18.99
OFF,41.118,-95.913
OGG,20.899,-156.431
OGN,24.467,122.978
OGS,44.682,-75.466
OGX,31.917,5.413
OHD,41.18,20.742
OIM,34.784,139.361
OIT,33.479,131.737
OKA,26.196,127.646
OKC,35.393,-97.601
OKI,36.181,133.325
OKJ,34.757,133.856
OKN,-0.665,13.673
OKO,35.748,139.348
OLA,63.699,9.604
OLB,40.899,9.518
OLI,70.499,-149.879
OLS,31.418,-110.848
OMA,41.302,-95.894
OMB,-1.575,9.263
OME,64.512,-165.445
OMF,32.356,36.259
OMO,43.283,17.846
OMR,47.025,21.902
OMS,54.967,73.31
ONT,34.056,-117.601
OOL,-28.164,153.505
OPA,66.314,-16.461
OPF,25.907,-80.278
OPO,41.248,-8.681
ORA,-23.153,-64.329
ORB,59.224,15.038
ORD,41.979,-87.904
ORE,47.988,1.761
ORF,36.894,-76.201
ORG,5.811,-55.191
ORK,51.843,-8.492
ORL,28.545,-81.333
ORN,35.624,-0.621
ORP,-21.266,25.32
ORT,62.961,-141.929
ORW,25.273,64.588
ORY,48.725,2.359
OSD,63.194,14.502
OSI,45.463,18.811
OSK,57.35,16.498
OSL,60.194,11.1
OSN,37.091,127.029
OSP,54.479,17.108
OSR,49.696,18.111
OSS,40.609,72.793
OST,51.199,2.862
OTP,44.574,26.103
OTR,8.601,-82.97
OTU,7.01,-74.715
OTZ,66.884,-162.598
OUA,12.353,-1.512
OUD,34.787,-1.924
OUE,1.616,16.038
OUL,64.93,25.354
OUR,4.473,14.364
OVD,43.563,-6.034
OXF,51.837,-1.32
OYE,1.541,11.581
OYL,3.47,39.101
OZP,37.175,-5.616
OZZ,30.939,-6.909
PAB,21.989,82.111
PAC,8.973,-79.556
PAD,51.614,8.616
PAE,47.906,-122.281
PAM,30.07,-85.576
PAN,6.785,101.153
PAP,18.58,-72.293
PAQ,61.595,-149.089
PAT,25.591,85.088
PAV,-9.401,-38.251
PAZ,20.603,-97.461
PBC,19.158,-98.371
PBD,21.649,69.656
PBF,34.175,-91.934
PBG,44.651,-73.468
PBH,27.403,89.426
PBI,26.683,-80.096
PBL,10.48,-68.073
PBM,5.453,-55.188
PBN,-10.722,13.765
PBU,27.33,97.426
PCA,20.077,-98.782
PCB,-6.337,106.764
PCL,-8.378,-74.574
PCP,1.663,7.412
PCR,6.184,-67.493
PDG,-0.876,100.352
PDL,37.741,-25.698
PDP,-34.914,-54.921
PDS,28.627,-100.535
PDU,-32.365,-58.061
PDV,42.068,24.851
PDX,45.589,-122.597
PED,50.013,15.739
PEE,57.917,56.026
PEG,43.096,12.513
PEI,4.813,-75.739
PEK,40.08,116.584
PEM,-12.614,-69.229
PEN,5.297,100.277
PER,-31.94,115.967
PET,-31.718,-52.328
PEU,15.261,-83.781
PEW,33.994,71.514
PEZ,28.954,-98.52
PFB,-28.244,-52.326
PFJ,65.556,-23.965
PFO,34.718,32.486
PGF,42.74,2.871
PGH,29.033,79.474
PGI,-7.357,20.804
PGK,-2.163,106.139
PGX,45.198,0.816
PHC,5.015,6.949
PHE,-20.378,118.626
PHF,37.132,-76.493
PHL,39.872,-75.241
PHN,42.911,-82.529
PHS,16.783,100.279
PHW,-23.937,31.155
PHX,33.434,-112.008
PIE,27.911,-82.687
PIF,22.672,120.462
PIK,55.508,-4.587
PIO,-13.745,-76.22
PIS,46.588,0.307
PIT,40.491,-80.233
PIU,-5.206,-80.616
PIX,38.554,-28.44
PIZ,69.733,-163.005
PJG,26.954,64.132
PKC,53.166,158.453
PKN,-2.705,111.673
PKO,9.357,2.609
PKP,-14.809,-138.813
PKR,28.2,83.981
PKU,0.461,101.444
PKW,-22.058,27.829
PKY,-2.225,113.943
PKZ,15.132,105.781
PLF,9.379,14.926
PLH,50.423,-4.106
PLM,-2.898,104.701
PLS,21.774,-72.266
PLU,-19.852,-43.95
PLW,-0.918,119.909
PLX,50.351,80.234
PLZ,-33.985,25.617
PMA,-5.257,39.811
PMC,-41.439,-73.094
PMD,34.629,-118.084
PMF,44.824,10.296
PMG,-22.549,-55.703
PMI,39.55,2.733
PML,59.011,-161.819
PMO,38.176,13.091
PMO,38.111,13.313
PMR,-40.321,175.617
PMS,34.557,38.317
PMV,10.912,-63.966
PMY,-42.759,-65.102
PMZ,8.951,-83.468
PNA,42.77,-1.646
PNB,-10.719,-48.4
PNC,36.731,-97.1
PNE,40.082,-75.011
PNH,11.546,104.844
PNI,6.985,158.209
PNK,-0.151,109.404
PNL,36.816,11.969
PNM,45.56,-93.608
PNQ,18.582,73.919
PNR,-4.813,11.886
PNS,30.473,-87.187
PNZ,-9.364,-40.564
POA,-29.994,-51.171
POB,35.171,-79.014
POE,31.045,-93.191
POG,-0.712,8.754
POI,-19.543,-65.724
POL,-12.987,40.522
POM,-9.443,147.22
POO,-21.843,-46.568
POP,19.757,-70.57
POR,61.462,21.8
POS,10.595,-61.337
POT,18.199,-76.534
POW,45.473,13.615
POX,49.096,2.041
POZ,52.421,16.826
PPB,-22.175,-51.424
PPE,31.352,-113.526
PPG,-14.331,-170.71
PPN,2.454,-76.61
PPP,-20.495,148.552
PPQ,-40.905,174.989
PPS,9.742,118.759
PQI,46.689,-68.045
PRA,-31.795,-60.48
PRC,34.654,-112.419
PRG,50.101,14.26
PRH,18.132,100.164
PRI,-4.319,55.691
PRN,42.573,21.036
PRV,49.426,17.405
PRY,-25.654,28.224
PSA,43.684,10.393
PSD,31.279,32.24
PSE,18.008,-66.563
PSI,25.284,63.333
PSJ,-1.417,120.657
PSO,1.396,-77.291
PSP,33.829,-116.507
PSR,42.431,14.181
PSS,-27.386,-55.971
PSX,28.727,-96.251
PSZ,-18.975,-57.821
PTG,-23.926,29.484
PTP,16.265,-61.532
PTY,9.071,-79.383
PUB,38.289,-104.496
PUD,-47.735,-65.904
PUF,43.38,-0.419
PUJ,18.567,-68.363
PUQ,-53.003,-70.855
PUS,35.179,128.938
PUU,0.505,-76.501
PUY,44.893,13.922
PUZ,14.047,-83.387
PVA,13.357,-81.358
PVD,41.724,-71.428
PVH,-8.709,-63.902
PVK,38.925,20.765
PVO,-1.041,-80.472
PVR,20.68,-105.254
PVS,64.38,-173.247
PWM,43.646,-70.309
PXM,15.877,-97.089
PXO,33.073,-16.35
PYH,5.62,-67.606
PYR,37.921,21.293
PZB,-29.649,30.399
PZH,31.358,69.463
PZO,8.288,-62.76
PZU,19.576,37.216
PZY,48.625,17.828
QAS,36.213,1.332
QCY,53.093,-0.166
QHD,49.393,8.652
QKT,50.818,3.208
QLA,51.185,-1.032
QLT,41.542,12.909
QMJ,32.002,49.271
QNX,46.295,4.796
QNJ,46.192,6.268
QPA,45.396,11.848
QPG,1.36,103.909
QPS,-21.985,-47.338
QPZ,44.913,9.723
QRO,20.624,-100.369
QSI,-3.363,37.323
QUS,12.172,6.696
QVY,60.896,26.938
QXB,43.505,5.368
QYR,48.323,4.018
RAE,30.907,41.138
RAH,29.626,43.491
RAI,14.924,-23.493
RAJ,22.309,70.779
RAK,31.607,-8.036
RAL,33.952,-117.445
RAO,-21.134,-47.774
RAR,-21.203,-159.806
RAS,37.325,49.606
RAZ,33.849,73.798
RBA,34.051,-6.751
RBM,34.85,-92.3
RBQ,-14.428,-67.501
RBR,-9.869,-67.894
RBT,2.345,37.999
RCA,44.145,-103.103
RCB,-28.741,32.092
RCH,11.526,-72.926
RCM,-33.601,150.781
RCO,45.888,-0.983
RCU,-33.086,-64.261
RDR,47.961,-97.401
RDU,35.877,-78.787
RDZ,44.408,2.482
REA,-18.466,-136.439
REC,-8.126,-34.923
REG,38.071,15.651
REL,-43.21,-65.27
REN,51.796,55.457
REP,13.411,103.813
RES,-27.45,-59.056
REU,41.147,1.167
REX,26.009,-98.228
RFP,-16.723,-151.466
RGA,-53.777,-67.749
RGH,25.261,88.796
RGI,-14.954,-147.661
RGL,-51.609,-69.313
RGN,16.907,96.133
RGT,-0.353,102.335
RHE,49.31,4.05
RHO,36.405,28.086
RIB,-11.01,-66.073
RIC,37.505,-77.319
RIG,-32.083,-52.166
RIS,45.242,141.186
RIU,38.489,-121.102
RIV,33.881,-117.259
RJA,17.109,81.818
RJH,24.437,88.616
RJK,45.217,14.57
RKE,55.586,12.131
RKT,25.613,55.939
RKV,64.13,-21.941
RLG,53.918,12.279
RME,43.234,-75.407
RMI,44.02,12.612
RML,6.822,79.886
RMS,49.438,7.601
RNB,56.267,15.265
RND,29.529,-98.279
RNE,46.058,4.001
RNN,55.063,14.759
RNO,39.498,-119.768
RNS,48.069,-1.735
RNJ,27.044,128.401
ROB,6.234,-10.362
ROC,43.119,-77.672
ROK,-23.382,150.475
ROP,14.174,145.243
ROR,7.367,134.544
ROS,-32.903,-60.784
ROT,-38.109,176.317
ROV,47.258,39.818
ROW,33.301,-104.531
RPN,32.981,35.572
RPR,21.18,81.739
RRG,-19.758,63.362
RRK,22.256,84.814
RRS,62.578,11.342
RSA,-36.588,-64.275
RSD,24.892,-76.178
RSU,34.84,127.615
RSW,26.536,-81.755
RTB,16.317,-86.522
RTG,-8.596,120.478
RTM,51.957,4.442
RUH,24.957,46.699
RUN,-20.887,55.51
RUR,-22.434,-151.361
RVA,-22.805,47.821
RVE,6.958,-71.855
RVN,66.565,25.83
RVY,-30.974,-55.476
RYK,28.385,70.28
RYN,45.628,-0.973
RYO,-51.606,-72.217
RZA,-50.016,-68.579
RZE,50.11,22.019
RZR,36.91,50.679
SAC,38.513,-121.493
SAF,35.617,-106.088
SAL,13.441,-89.056
SAN,32.733,-117.189
SAP,15.452,-87.923
SAQ,25.054,-78.049
SAT,29.534,-98.47
SAV,32.127,-81.202
SAY,43.257,11.254
SBG,5.874,95.339
SBH,17.9,-62.85
SBK,48.538,-2.854
SBO,32.608,-82.369
SBU,-29.689,17.939
SBW,2.264,111.983
SBY,38.34,-75.51
SBZ,45.786,24.091
SCC,70.195,-148.465
SCK,37.894,-121.239
SCL,-33.393,-70.786
SCN,49.214,7.109
SCQ,42.896,-8.415
SCU,19.97,-75.836
SCV,47.688,26.354
SCW,61.648,50.846
SDA,33.262,44.234
SDE,-27.766,-64.31
SDG,35.247,47.007
SDJ,38.139,140.917
SDL,62.528,17.444
SDQ,18.429,-69.669
SDR,43.427,-3.82
SDT,34.813,72.352
SDU,-22.91,-43.163
SDV,32.114,34.782
SDZ,60.432,-1.298
SEA,47.449,-122.309
SEB,26.987,14.473
SEM,32.344,-86.988
SEN,51.571,0.696
SEY,15.179,-12.207
SEZ,-4.674,55.522
SFA,34.718,10.691
SFD,7.883,-67.444
SFF,47.683,-117.322
SFG,18.1,-63.047
SFH,10.279,-68.755
SFJ,67.017,-50.689
SFN,-31.712,-60.812
SFO,37.619,-122.375
SFT,64.625,21.077
SFZ,41.921,-71.491
SGC,61.25,73.5
SGD,54.964,9.792
SGN,10.82,106.662
SGY,59.46,-135.316
SHA,31.198,121.336
SHB,43.577,144.96
SHI,24.827,125.145
SHJ,25.328,55.517
SHM,33.662,135.364
SHO,38.148,128.601
SHV,32.446,-93.826
SHW,17.467,47.121
SID,16.741,-22.949
SIF,27.159,84.98
SIG,18.457,-66.098
SII,29.369,-10.18
SIJ,66.133,-18.917
SIN,1.356,103.987
SIP,45.039,33.983
SIQ,-0.479,104.579
SIR,46.219,7.327
SIS,-27.648,22.999
SIT,57.047,-135.361
SJB,-13.053,-64.662
SJC,37.362,-121.929
SJD,23.152,-109.721
SJE,2.579,-72.639
SJI,10.766,121.932
SJJ,43.824,18.331
SJK,-23.229,-45.861
SJO,9.994,-84.209
SJP,-20.816,-49.406
SJT,31.358,-100.496
SJU,18.439,-66.002
SJZ,38.665,-28.176
SKA,47.615,-117.656
SKB,17.311,-62.719
SKD,39.701,66.985
SKE,59.185,9.567
SKF,29.384,-98.581
SKG,40.52,22.971
SKO,12.916,5.207
SKP,41.961,21.621
SKS,55.225,9.264
SKU,38.968,24.487
SKV,28.685,34.063
SKY,41.433,-82.652
SKZ,27.722,68.792
SLA,-24.856,-65.486
SLC,40.788,-111.978
SLD,48.638,19.134
SLF,20.465,45.619
SLL,17.039,54.091
SLM,40.952,-5.502
SLP,22.254,-100.931
SLU,14.02,-60.993
SLW,25.549,-100.929
SLZ,-2.589,-44.236
SMA,36.971,-25.171
SMF,38.695,-121.591
SMI,37.69,26.912
SML,23.583,-75.269
SMR,11.119,-74.231
SMS,-17.094,49.816
SMV,46.532,9.883
SNA,33.676,-117.868
SNC,-2.205,-80.989
SNE,16.588,-24.284
SNN,52.702,-8.925
SNO,17.195,104.119
SNP,57.167,-170.22
SNR,47.312,-2.149
SNU,22.492,-79.944
SNW,18.461,94.299
SOC,-7.516,110.757
SOF,42.695,23.406
SOG,61.156,7.136
SOJ,69.787,20.959
SOM,8.945,-64.151
SOQ,-0.926,131.12
SOT,67.395,26.619
SOU,50.95,-1.357
SOZ,41.924,9.406
SPB,45.773,-122.862
SPC,28.626,-17.756
SPD,25.759,88.909
SPG,27.765,-82.627
SPK,42.794,141.666
SPK,43.116,141.38
SPM,49.973,6.692
SPN,15.119,145.729
SPP,-14.658,17.72
SPS,33.989,-98.492
SPU,43.539,16.298
SPY,4.747,-6.661
SQC,0.064,111.475
SRE,-19.007,-65.289
SRG,-6.973,110.375
SRH,9.151,18.379
SRI,-0.484,117.157
SRJ,-14.857,-66.737
SRP,59.792,5.341
SRT,1.728,33.623
SSA,-12.911,-38.331
SSC,33.973,-80.473
SSE,17.628,75.935
SSG,3.755,8.709
SSJ,65.957,12.469
SSN,37.446,127.114
SSX,41.276,36.304
SSY,-6.27,14.247
SSZ,-23.925,-46.288
STA,55.99,8.354
STB,8.974,-71.943
STD,7.565,-72.035
STI,19.409,-70.616
STL,38.748,-90.36
STM,-29.711,-53.688
STN,51.885,0.235
STR,48.69,9.222
STT,18.337,-64.973
STU,-22.932,-43.719
STV,21.115,72.743
STW,45.109,42.113
STX,17.702,-64.798
STY,-31.44,-57.991
SUB,-7.38,112.787
SUF,38.906,16.242
SUI,42.858,41.128
SUJ,47.703,22.886
SUL,28.645,69.177
SUU,38.263,-121.927
SUV,-18.043,178.559
SUX,42.402,-96.384
SVB,-14.279,50.175
SVD,13.144,-61.211
SVG,58.877,5.638
SVI,2.152,-74.766
SVL,61.943,28.945
SVN,32.01,-81.146
SVO,55.972,37.415
SVP,-12.404,16.947
SVQ,37.418,-5.893
SVW,61.097,-155.574
SVX,56.741,60.804
SVZ,7.852,-72.435
SWA,23.4,116.683
SWF,41.504,-74.105
SWG,-8.489,117.412
SWS,51.605,-4.068
SXB,48.538,7.628
SXF,52.38,13.523
SXL,54.28,-8.599
SXM,18.041,-63.109
SXR,33.987,74.774
SYA,52.712,174.114
SYD,-33.946,151.177
SYR,43.111,-76.106
SYY,58.214,-6.329
SYZ,29.539,52.589
SZA,-6.141,12.372
SZG,47.793,13.004
SZK,-24.961,31.589
SZL,38.73,-93.548
SZW,53.427,11.783
SZX,22.639,113.812
SZZ,53.585,14.902
TAB,11.149,-60.832
TAC,11.227,125.028
TAE,35.894,128.659
TAF,35.542,-0.532
TAK,34.214,134.016
TAL,65.174,-152.109
TAM,22.296,-97.866
TAO,36.263,120.375
TAP,14.794,-92.37
TAR,40.516,17.402
TAS,41.257,69.282
TAT,49.073,20.241
TAW,-31.749,-55.926
TBF,-1.224,174.776
TBN,37.741,-92.141
TBP,-3.552,-80.381
TBS,41.669,44.955
TBT,-4.256,-69.936
TBU,-21.241,-175.15
TBZ,38.133,46.235
TCB,26.745,-77.391
TCC,35.183,-103.603
TCE,45.062,28.714
TCH,-2.889,10.919
TCM,47.138,-122.476
TCN,18.497,-97.42
TCO,1.814,-78.749
TCQ,-18.053,-70.276
TCS,33.237,-107.272
TCU,-29.319,26.823
TDA,5.43,-71.658
TDD,-14.819,-64.918
TDL,-37.237,-59.228
TEA,15.776,-87.476
TEB,40.85,-74.061
TED,57.069,8.705
TEE,35.431,8.121
TER,38.764,-27.093
TET,-16.105,33.64
TEU,-45.533,167.65
TFF,-3.383,-64.724
TFN,28.482,-16.341
TFS,28.044,-16.572
TGD,42.359,19.252
TGG,5.382,103.103
TGI,-9.29,-76.006
TGM,46.468,24.412
TGR,33.068,6.089
TGT,-5.092,39.071
TGU,14.061,-87.217
TGZ,16.769,-93.341
THE,-5.06,-42.823
THF,52.473,13.404
THL,20.484,99.935
THN,58.318,12.345
THR,35.689,51.313
THU,76.531,-68.703
THY,-23.079,30.383
THZ,14.876,5.265
TIA,41.415,19.721
TID,35.341,1.463
TIF,21.483,40.544
TIH,-15.119,-148.231
TIJ,32.541,-116.97
TIK,35.415,-97.386
TIM,-4.528,136.887
TIN,27.7,-8.167
TIP,32.663,13.159
TIR,13.632,79.543
TIU,-44.303,171.225
TIV,42.404,18.723
TIY,18.57,-11.423
TJA,-21.556,-64.701
TJQ,-2.746,107.755
TKA,62.32,-150.094
TKC,4.089,9.36
TKD,4.893,-1.775
TKK,7.462,151.843
TKN,27.836,128.881
TKP,-14.712,-145.253
TKS,34.133,134.606
TKU,60.514,22.263
TKX,-14.456,-145.024
TLC,19.337,-99.566
TLE,-23.383,43.728
TLH,30.396,-84.35
TLL,59.413,24.833
TLM,35.017,-1.45
TLN,43.097,6.146
TLS,43.629,1.364
TLV,32.009,34.877
TLJ,62.894,-155.976
TMB,25.648,-80.433
TME,6.451,-71.76
TML,9.563,-0.863
TMM,-18.109,49.392
TMP,61.414,23.604
TMR,22.811,5.451
TMS,0.378,6.712
TMW,-31.084,150.847
TMX,29.237,0.276
TNC,65.563,-167.922
TNE,30.547,130.95
TNF,48.752,2.106
TNG,35.727,-5.917
TNI,14.998,145.619
TNN,22.95,120.206
TNR,-18.797,47.479
TNT,25.862,-80.897
TNJ,0.922,104.532
TOE,33.94,8.111
TOJ,40.487,-3.458
TOM,16.73,-3.007
TOS,69.683,18.919
TOU,-20.791,165.259
TOX,37.132,-92.084
TOY,36.648,137.187
TPA,27.975,-82.533
TPC,-0.123,-76.337
TPE,25.08,121.232
TPP,-6.509,-76.373
TPQ,21.419,-104.843
TPS,37.913,12.488
TRB,25.986,63.03
TRB,8.074,-76.741
TRC,25.568,-103.411
TRD,63.458,10.94
TRE,56.499,-6.869
TRF,59.187,10.259
TRG,-37.672,176.196
TRK,3.326,117.566
TRN,45.201,7.649
TRR,8.539,81.181
TRS,45.828,13.466
TRU,-8.085,-79.109
TRV,8.482,76.918
TRW,1.381,173.147
TRZ,10.765,78.709
TSA,25.069,121.552
TSE,51.022,71.467
TSF,45.649,12.195
TSJ,34.285,129.33
TSL,22.038,-98.806
TSN,39.124,117.346
TSR,45.81,21.338
TST,7.509,99.616
TSV,-19.253,146.765
TTA,28.448,-11.161
TTB,39.919,9.683
TTE,0.832,127.381
TTH,17.666,54.024
TTJ,35.53,134.166
TTN,40.277,-74.813
TTT,22.757,121.093
TTU,35.594,-5.32
TUA,0.809,-77.708
TUB,-23.365,-149.524
TUC,-26.841,-65.105
TUD,13.737,-13.653
TUF,47.432,0.728
TUI,31.692,38.731
TUL,36.198,-95.888
TUN,36.851,10.227
TUO,-38.74,176.084
TUR,-3.785,-49.719
TUS,32.116,-110.941
TUU,28.365,36.619
TUV,9.089,-62.094
TWU,4.313,118.122
TXA,19.536,-98.173
TXG,24.186,120.654
TXK,33.454,-93.991
TXL,52.559,13.287
TYL,-4.576,-81.254
TYN,37.747,112.629
TYR,32.354,-95.402
TYS,35.812,-83.993
TZX,40.995,39.79
UAK,61.161,-45.427
UAM,13.584,144.93
UAQ,-31.571,-68.418
UBA,-19.765,-47.965
UBJ,33.93,131.279
UDI,-18.883,-48.226
UDR,24.617,73.913
UEL,-17.856,36.869
UEO,26.363,126.714
UET,30.251,66.938
UFA,54.557,55.874
UGN,42.422,-87.868
UGO,-7.603,15.028
UIB,5.691,-76.641
UIO,-0.141,-78.488
UIP,47.975,-4.168
ULA,-49.307,-67.802
ULC,-33.493,-70.698
ULD,-28.321,31.416
ULN,47.843,106.766
ULQ,4.088,-76.235
UME,63.792,20.282
UMR,-31.144,136.817
UND,36.665,68.911
UNK,63.888,-160.799
UPG,-5.062,119.554
UPN,19.397,-102.039
UPP,20.265,-155.86
URA,51.152,51.546
URC,43.907,87.474
URG,-29.782,-57.038
URO,49.384,1.175
URY,31.411,37.279
USH,-54.843,-68.296
USN,35.593,129.352
UTA,-18.977,32.451
UTC,52.127,5.276
UTH,17.386,102.788
UTN,-28.401,21.261
UTO,65.993,-153.704
UTP,12.68,101.005
UTT,-31.548,28.674
UTW,-31.92,26.882
UUD,51.807,107.438
UUS,46.889,142.717
UVE,-20.641,166.573
UVF,13.733,-60.953
UYL,12.054,24.955
VAA,63.051,21.761
VAD,30.968,-83.193
VAF,44.921,4.97
VAG,-21.59,-45.473
VAN,38.468,43.332
VAR,43.232,27.825
VAS,39.814,36.903
VAV,-18.585,-173.963
VBG,34.729,-120.577
VBS,45.429,10.331
VBY,57.663,18.346
VCE,45.505,12.352
VCP,-23.008,-47.134
VCV,34.593,-117.379
VDA,29.94,34.936
VDB,61.011,9.293
VDE,27.815,-17.887
VDM,-40.869,-63
VDP,9.222,-65.993
VDR,-31.941,-65.142
VDZ,61.134,-146.248
VER,19.145,-96.187
VEY,63.424,-20.279
VFA,-18.096,25.839
VGA,16.53,80.797
VGO,42.232,-8.627
VHC,-9.689,20.432
VHM,64.579,16.833
VHY,46.169,3.404
VIC,45.574,11.531
VIE,48.11,16.57
VIR,-29.771,31.058
VIT,42.883,-2.724
VIX,-20.256,-40.289
VIY,-32.897,27.279
VKO,55.591,37.261
VLC,39.489,-0.481
VLG,-37.235,-57.029
VLI,-17.699,168.32
VLL,41.706,-4.852
VLN,10.158,-67.927
VLV,9.341,-70.584
VNE,47.723,-2.718
VNS,25.452,82.859
VNX,-22.018,35.313
VOG,48.782,44.345
VOH,-13.376,50.003
VOL,39.219,22.794
VOZ,51.814,39.23
VPS,30.483,-86.525
VRA,23.034,-81.435
VRB,27.656,-80.418
VRK,62.171,27.869
VRL,41.274,-7.72
VRN,45.396,10.888
VRU,-26.982,24.729
VSA,17.997,-92.817
VST,59.589,16.634
VTB,55.167,30.133
VTE,17.988,102.563
VTU,20.988,-76.936
VUP,10.435,-73.249
VVC,4.168,-73.614
VVI,-17.645,-63.135
VVO,43.399,132.151
VVZ,26.573,8.484
VXC,-13.274,35.266
VXE,16.834,-25.057
VXO,56.929,14.728
VYD,-27.787,30.795
WAG,-39.962,175.025
WAI,-14.899,47.994
WAL,37.94,-75.466
WAP,-43.615,-71.807
WAT,52.187,-7.087
WAW,52.166,20.967
WCH,-42.933,-72.699
WEI,-12.679,141.925
WEL,-27.998,26.669
WFI,-21.441,47.112
WGA,-35.165,147.466
WGP,-9.67,120.304
WHK,-37.921,176.914
WIC,58.459,-3.093
WIL,-1.322,36.815
WJR,1.733,40.091
WKA,-44.725,169.243
WKJ,45.404,141.801
WKM,-18.63,27.021
WLG,-41.327,174.805
WLS,-13.238,-176.199
WMN,-15.437,49.688
WMR,-16.164,49.774
WMX,-4.096,138.952
WNS,26.219,68.39
WOE,51.449,4.342
WOT,23.371,119.494
WRB,32.64,-83.592
WRE,-35.768,174.365
WRI,40.016,-74.594
WRO,51.102,16.886
WSD,32.341,-106.403
WSZ,-41.738,171.581
WTD,26.686,-78.978
WTN,53.166,-0.524
WUH,30.784,114.208
WUU,7.726,27.979
WVK,-22.12,48.022
WVN,53.505,8.053
WWD,39.008,-74.908
WWK,-3.584,143.669
XAC,44.596,-1.111
XAP,-27.134,-52.656
XBJ,32.896,59.276
XBK,46.201,5.292
XCD,46.826,4.817
XFW,53.535,9.835
XGN,-16.755,14.965
XIC,27.989,102.184
XIY,34.446,108.752
XLS,16.05,-16.461
XMH,-14.437,-146.07
XMN,24.544,118.127
XMS,-2.299,-78.121
XMU,46.534,3.424
XQP,9.443,-84.13
XRY,36.744,-6.06
XSC,21.516,-71.528
XSP,1.417,103.867
XVF,45.916,4.641
YAK,59.503,-139.66
YAM,46.485,-84.509
YAO,3.835,11.524
YAP,9.499,138.082
YAV,50.056,-97.032
YAW,44.64,-63.499
YAY,51.392,-56.084
YAZ,49.082,-125.772
YBB,68.534,-89.808
YBC,49.132,-68.207
YBG,48.331,-70.996
YBK,64.299,-96.078
YBL,49.951,-125.271
YBR,49.91,-99.952
YCB,69.108,-105.138
YCD,49.052,-123.87
YCG,49.296,-117.632
YCH,47.008,-65.449
YCL,47.991,-66.331
YCO,67.817,-115.144
YCT,52.075,-111.445
YCW,49.153,-121.939
YCY,70.486,-68.517
YDA,64.043,-139.128
YDB,61.371,-139.041
YDC,49.468,-120.512
YDF,49.211,-57.391
YDL,58.422,-130.032
YDN,51.101,-100.052
YDQ,55.742,-120.182
YEC,36.632,128.355
YED,53.667,-113.467
YEG,53.31,-113.58
YEK,61.094,-94.071
YEN,49.21,-102.966
YEO,51.009,-2.639
YET,53.579,-116.465
YEU,79.995,-85.813
YEV,68.304,-133.483
YFB,63.756,-68.556
YFC,45.869,-66.532
YFO,54.678,-101.682
YFR,61.181,-113.69
YFS,61.76,-121.237
YGJ,35.492,133.236
YGK,44.225,-76.597
YGL,53.625,-77.704
YGP,48.775,-64.479
YGQ,49.778,-86.939
YGR,47.425,-61.778
YGW,55.283,-77.767
YGX,56.35,-94.7
YHB,52.817,-102.311
YHD,49.832,-92.744
YHI,70.763,-117.806
YHK,68.636,-95.85
YHM,43.173,-79.935
YHU,45.517,-73.417
YHY,60.84,-115.783
YHZ,44.881,-63.509
YIB,48.774,-91.639
YIO,72.683,-77.967
YIP,42.238,-83.53
YJN,45.294,-73.281
YJT,48.544,-58.55
YKA,50.702,-120.442
YKF,43.459,-80.384
YKL,54.805,-66.805
YKS,62.093,129.771
YKY,51.517,-109.181
YKZ,43.862,-79.37
YLD,47.82,-83.346
YLL,53.309,-110.072
YLT,82.518,-62.281
YLW,49.956,-119.378
YLJ,54.125,-108.523
YMA,63.617,-135.867
YMJ,50.33,-105.559
YMM,56.653,-111.222
YMO,51.291,-80.608
YMS,-5.894,-76.118
YMW,46.274,-75.99
YMX,45.68,-74.039
YNA,50.19,-61.789
YNB,24.144,38.063
YND,45.521,-75.564
YNG,41.261,-80.679
YNM,49.762,-77.803
YNT,37.402,121.372
YOC,67.571,-139.839
YOD,54.405,-110.279
YOJ,58.621,-117.165
YOL,9.26,12.43
YOP,26.739,83.449
YOW,45.323,-75.669
YPA,53.214,-105.673
YPE,56.227,-117.447
YPG,49.903,-98.275
YPL,51.446,-90.214
YPN,49.836,-64.289
YPQ,44.23,-78.363
YPR,54.286,-130.445
YPY,58.767,-111.117
YQA,44.975,-79.303
YQB,46.788,-71.398
YQF,52.179,-113.893
YQG,42.276,-82.956
YQH,60.118,-128.822
YQK,49.788,-94.363
YQL,49.63,-112.8
YQM,46.112,-64.679
YQQ,49.711,-124.887
YQR,50.432,-104.666
YQT,48.372,-89.324
YQU,55.18,-118.885
YQV,51.265,-102.462
YQW,52.769,-108.244
YQX,48.937,-54.568
YQY,46.161,-60.048
YQZ,53.026,-122.51
YRB,74.717,-94.969
YRI,47.764,-69.585
YRJ,48.52,-72.266
YRM,52.43,-114.904
YRT,62.811,-92.116
YSB,46.625,-80.799
YSC,45.438,-71.691
YSJ,45.316,-65.89
YSM,60.022,-111.96
YSR,72.982,-84.614
YSU,46.443,-63.831
YSY,71.994,-125.243
YTE,64.23,-76.527
YTH,55.801,-97.864
YTR,44.119,-77.528
YTS,48.57,-81.377
YTZ,43.627,-79.396
YUB,69.433,-133.026
YUL,45.468,-73.741
YUM,32.656,-114.606
YUT,66.521,-86.225
YUX,68.776,-81.244
YUY,48.206,-78.836
YVA,-11.711,43.244
YVC,55.151,-105.262
YVG,53.356,-110.824
YVM,67.546,-64.031
YVO,48.053,-77.783
YVP,58.096,-68.427
YVQ,65.282,-126.8
YVR,49.195,-123.182
YVT,55.842,-108.418
YVV,44.746,-81.107
YWA,45.952,-77.319
YWG,49.91,-97.234
YWK,52.922,-66.864
YWL,52.183,-122.054
YWY,63.209,-123.437
YXC,49.61,-115.782
YXD,53.573,-113.521
YXE,52.171,-106.7
YXH,50.019,-110.721
YXJ,56.238,-120.74
YXL,50.114,-91.904
YXP,66.145,-65.714
YXR,47.695,-79.849
YXS,53.889,-122.679
YXT,54.466,-128.577
YXU,43.036,-81.154
YXX,49.025,-122.363
YXY,60.709,-135.068
YYB,46.364,-79.423
YYC,51.114,-114.02
YYD,54.825,-127.183
YYE,58.836,-122.597
YYF,49.463,-119.602
YYG,46.29,-63.121
YYH,69.547,-93.577
YYJ,48.647,-123.426
YYL,56.864,-101.076
YYN,50.292,-107.691
YYQ,58.739,-94.065
YYR,53.319,-60.426
YYT,47.619,-52.752
YYU,49.414,-82.468
YYW,50.29,-88.91
YYY,48.609,-68.208
YYZ,43.677,-79.631
YZD,43.742,-79.466
YZE,45.885,-82.568
YZF,62.463,-114.44
YZH,55.293,-114.778
YZP,53.254,-131.814
YZR,42.999,-82.309
YZS,50.332,-115.874
YZT,50.681,-127.367
YZU,54.144,-115.787
YZV,50.223,-66.266
YZW,60.173,-132.743
YZX,44.984,-64.917
ZAD,44.108,15.347
ZAG,45.743,16.069
ZAH,29.476,60.906
ZAL,-39.65,-73.086
ZAM,6.922,122.059
ZAR,11.13,7.686
ZAZ,41.666,-1.041
ZBR,25.443,60.382
ZCA,51.483,7.899
ZCC,48.791,8.187
ZCL,22.897,-102.687
ZCN,52.591,10.022
ZCO,-38.769,-72.636
ZFA,62.208,-133.376
ZFM,67.408,-134.86
ZGC,36.517,103.622
ZIG,12.556,-16.282
ZIH,17.601,-101.46
ZLO,19.145,-104.559
ZMM,20.045,-102.276
ZND,13.779,8.984
ZNF,50.169,8.961
ZNV,50.325,7.531
ZNZ,-6.222,39.225
ZOS,-40.611,-73.06
ZQC,49.302,8.451
ZQF,49.863,6.789
ZQL,47.973,8.522
ZQN,-45.021,168.739
ZRH,47.465,8.549
ZSA,24.063,-74.524
ZSE,-21.321,55.425
ZTH,37.75,20.882
ZUD,-41.906,-73.797
ZUN,35.083,-108.792
ZVA,-19.563,45.451
ZVK,16.556,104.759
ZWA,-14.652,49.621
ZYL,24.963,91.867
ZZU,-11.445,34.012
